Symbol,Close,EMA10,EMA30,EMA40,MaxDeviationPct,AvgWeeklyVolume
DEEPAKFERT,1392.6,1389.86,1375.92,1358.81,2.49,1659474
GROWW,192.39,191.76,189.13,185.68,3.61,171518254
PETRONET,291.5,286.94,281.69,280.79,3.81,11352386
AIIL,549.7,546.43,532.42,527.15,4.28,3499288
IIFLCAPS,343.75,341.54,333.38,329.33,4.38,2388125
MRPL,172.13,168.66,166.26,164.67,4.53,62193849
ASAHIINDIA,945.95,942.92,913.83,904.22,4.61,768523
PNB,116.98,114.48,112.13,111.51,4.9,80487300
ECLERX,1866.8,1846.29,1780.74,1779.22,4.92,1459274
JAYNECOIND,91.4,91.13,89.04,86.51,5.65,22953499
CASTROLIND,194.67,192.01,185.2,184.24,5.66,10761331
ADANIPORTS,1761.0,1755.04,1697.07,1661.4,5.99,11356345
KAJARIACER,1215.4,1209.61,1160.42,1144.47,6.2,1541017
